,Id,ref,var,freq.var,pos,aa_pos,aa_consensus,aa_var
4,3,G,G,0.01496897359372,670,223,K,R
18,3,A,T,0.0205194611163248,1114,371,Q,L
2,6,C,A,0.0396520952139228,284,94,F,L
7,10,A,G,0.0344260677666578,687,229,I,V
9,10,C,T,0.0335085285844049,731,243,S,S
16,10,G,A,0.0193906932235126,1014,338,V,I
17,12,G,T,0.0174581997813802,1047,349,A,S
25,12,C,T,0.14602504832687502,1295,431,T,T
33,14,A,G,0.281308337810298,1613,537,I,M
12,14,G,A,0.0788682024442436,853,284,R,K
28,15,G,A,0.012390835789601998,1406,468,K,K
27,16,G,A,0.0447122188325392,1403,467,K,K
23,17,A,G,0.136529010135508,1235,411,E,E
34,17,A,A,0.41639437726262607,1613,537,M,I
20,18,G,G,0.0217717944473805,1196,398,R,R
21,19,G,G,0.016118250371812,1196,398,R,R
6,26,A,G,0.130412484376362,671,223,R,R
0,27,G,A,0.0305956247484704,192,64,G,S
30,41,C,T,0.0564329330929819,1475,491,A,A
15,46,A,G,0.0301397240614511,879,293,N,D
10,49,A,G,0.0113166802487353,761,253,K,K
11,50,A,C,0.0289212242596077,761,253,K,N
8,50,C,C,0.0138410135794525,728,242,P,P
5,54,G,G,0.0160811806643645,670,223,K,R
3,55,C,T,0.0657278077495275,410,136,N,N
24,64,G,A,0.33974357294268803,1268,422,Q,Q
22,66,A,T,0.0100809084529344,1228,409,Q,L
32,66,C,T,0.347167248275515,1559,519,G,G
29,67,C,T,0.0608340267755431,1457,485,Y,Y
31,76,T,A,0.0931051452458278,1502,500,T,T
1,85,G,A,0.012472837623768,204,68,D,N
13,88,C,T,0.0136347783515799,864,288,P,S
26,89,G,A,0.0277893185792965,1335,445,A,T
14,89,T,G,0.0104017691446275,869,289,I,M
19,103,C,A,0.0565036303546848,1120,373,S,Y
