,Id,ref,var,freq.var,pos,aa_pos,aa_consensus,aa_var,PDB_4HMG,PDB_4JTV
4,3,G,G,0.01496897359372,670,223,K,R,R208 in HA1 ,R211 of HA1 
18,3,A,T,0.0205194611163248,1114,371,Q,L,Q27 in HA2 ,Q27 of HA2 
2,6,C,A,0.0396520952139228,284,94,F,L,F79 in HA1 ,L76 of HA1 
7,10,A,G,0.0344260677666578,687,229,I,V,I214 in HA1 ,K217 of HA1 
16,10,G,A,0.0193906932235126,1014,338,V,I,V323 in HA1 ,I327 of HA1 
17,12,G,T,0.0174581997813802,1047,349,A,S,A5 in HA2 ,A5 of HA2 
33,14,A,G,0.281308337810298,1613,537,I,M,an alignment gap ,an alignment gap 
12,14,G,A,0.0788682024442436,853,284,R,K,R269 in HA1 ,I273 of HA1 
34,17,A,A,0.41639437726262607,1613,537,M,I,an alignment gap ,an alignment gap 
0,27,G,A,0.0305956247484704,192,64,G,S,G49 in HA1 ,G45 of HA1 
15,46,A,G,0.0301397240614511,879,293,N,D,I278 in HA1 ,N282 of HA1 
11,50,A,C,0.0289212242596077,761,253,K,N,K238 in HA1 ,E241 of HA1 
5,54,G,G,0.0160811806643645,670,223,K,R,R208 in HA1 ,R211 of HA1 
22,66,A,T,0.0100809084529344,1228,409,Q,L,Q65 in HA2 ,A65 of HA2 
1,85,G,A,0.012472837623768,204,68,D,N,N53 in HA1 ,K49 of HA1 
13,88,C,T,0.0136347783515799,864,288,P,S,P273 in HA1 ,P277 of HA1 
26,89,G,A,0.0277893185792965,1335,445,A,T,A101 in HA2 ,L101 of HA2 
14,89,T,G,0.0104017691446275,869,289,I,M,I274 in HA1 ,V278 of HA1 
19,103,C,A,0.0565036303546848,1120,373,S,Y,S29 in HA2 ,E29 of HA2 
