,Id,ref,var,freq.var,pos,aa_pos,aa_consensus,aa_var
9,507,T,C,0.013504924329,491,163,F,F
10,507,A,G,0.0232850868838,606,202,T,A
11,507,G,A,0.0102732640188,885,295,E,K
12,507,G,T,0.123662736487,1484,494,G,G
14,507,G,G,0.0130727061321,720,240,N,D
0,509,C,T,0.010792654121,210,70,P,S
1,509,G,A,0.0161647059389,404,134,E,E
2,509,T,C,0.019626428124,405,135,F,L
3,509,T,C,0.0108157920624,929,309,F,F
4,509,G,A,0.0100516408793,1079,359,E,E
5,509,G,A,0.019027231102,1137,379,A,T
6,509,A,G,0.0183695891647,1139,379,A,A
7,509,T,C,0.0213981617475,1201,400,I,T
8,509,T,C,0.0106879845946,1328,442,L,L
13,529,T,C,0.0105303521612,953,317,Y,Y
