,Id,ref,var,freq.var,pos,aa_pos,aa_consensus,aa_var,PDB_4HMG,PDB_4JTV
18,507,G,G,0.0130727061321,720,240,N,D,G225 in HA1 ,D228 of HA1 
15,507,G,A,0.0102732640188,885,295,E,K,E280 in HA1 ,T284 of HA1 
14,507,A,G,0.0232850868838,606,202,T,A,T187 in HA1 ,T190 of HA1 
11,509,T,C,0.0213981617475,1201,400,I,T,I56 in HA2 ,I56 of HA2 
9,509,G,A,0.019027231102,1137,379,A,T,A35 in HA2 ,A35 of HA2 
6,509,T,C,0.019626428124,405,135,F,L,F120 in HA1 ,I122 of HA1 
4,509,C,T,0.010792654121,210,70,P,S,P55 in HA1 ,P55 of HA1 
3,529,A,G,0.0168535620053,286,95,Q,R,Q80 in HA1 ,S77 of HA1 
0,530,C,T,0.0143470281661,460,153,A,V,A138 in HA1 ,A141 of HA1 
