,Id,ref,var,freq.var,pos,aa_pos,aa_consensus,aa_var
18,507,G,G,0.0130727061321,720,240,N,D
16,507,G,T,0.123662736487,1484,494,G,G
15,507,G,A,0.0102732640188,885,295,E,K
14,507,A,G,0.0232850868838,606,202,T,A
13,507,T,C,0.013504924329,491,163,F,F
12,509,T,C,0.0106879845946,1328,442,L,L
11,509,T,C,0.0213981617475,1201,400,I,T
10,509,A,G,0.0183695891647,1139,379,A,A
9,509,G,A,0.019027231102,1137,379,A,T
7,509,T,C,0.0108157920624,929,309,F,F
6,509,T,C,0.019626428124,405,135,F,L
5,509,G,A,0.0161647059389,404,134,E,E
4,509,C,T,0.010792654121,210,70,P,S
8,509,G,A,0.0100516408793,1079,359,E,E
3,529,A,G,0.0168535620053,286,95,Q,R
17,530,T,T,0.015911582958,440,146,T,T
2,530,A,G,0.0123116926659,926,308,P,P
1,530,C,A,0.0138820604825,512,170,T,T
0,530,C,T,0.0143470281661,460,153,A,V
