,Id,ref,var,freq.var,pos,aa_pos,aa_consensus,aa_var
9,507,T,C,0.013518429839,491,163,F,F
10,507,A,G,0.0233082222018,606,202,T,A
11,507,G,A,0.010240468755,885,295,E,K
12,507,G,T,0.123545585872,1484,494,G,G
14,507,G,G,0.013117400487,720,240,N,D
0,509,C,T,0.0107238391554,210,70,P,S
1,509,G,A,0.0161583905113,404,134,E,E
2,509,T,C,0.0196235616084,405,135,F,L
3,509,T,C,0.0107890869404,929,309,F,F
4,509,G,A,0.0100750920325,1079,359,E,E
5,509,G,A,0.0190455637775,1137,379,A,T
6,509,A,G,0.0183595331685,1139,379,A,A
7,509,T,C,0.0213931307175,1201,400,I,T
8,509,T,C,0.0107250320685,1328,442,L,L
13,529,T,C,0.0105306253956,953,317,Y,Y
