,Id,ref,var,freq.var,pos,aa_pos,aa_consensus,aa_var,PDB_4HMG,PDB_4JTV
10,507,A,G,0.0233082222018,606,202,T,A,T187 in HA1 ,T190 of HA1 
11,507,G,A,0.010240468755,885,295,E,K,E280 in HA1 ,T284 of HA1 
14,507,G,G,0.013117400487,720,240,N,D,G225 in HA1 ,D228 of HA1 
0,509,C,T,0.0107238391554,210,70,P,S,P55 in HA1 ,G52 of HA1 
2,509,T,C,0.0196235616084,405,135,F,L,F120 in HA1 ,I122 of HA1 
5,509,G,A,0.0190455637775,1137,379,A,T,A35 in HA2 ,A35 of HA2 
7,509,T,C,0.0213931307175,1201,400,I,T,I56 in HA2 ,I56 of HA2 
