,Id,ref,var,freq.var,pos,aa_pos,aa_consensus,aa_var
18,3,G,G,0.0149596923344,670,223,K,R
17,3,A,T,0.0205000223632,1114,371,Q,L
31,6,C,A,0.039656711127,284,94,F,L
2,10,C,T,0.0335085285844,731,243,S,S
3,10,G,A,0.0194092192897,1014,338,V,I
1,10,A,G,0.0344260677667,687,229,I,V
4,12,C,T,0.146081061334,1295,431,T,T
5,12,G,T,0.0174800438584,1047,349,A,S
6,14,A,G,0.281240481683,1613,537,I,M
7,14,G,A,0.0788419097401,853,284,R,K
8,15,G,A,0.0123587649772,1406,468,K,K
9,16,G,A,0.0447122188325,1403,467,K,K
10,17,A,G,0.136494272635,1235,411,E,E
11,17,A,A,0.416310385998,1613,537,M,I
12,18,G,G,0.0217942109459,1196,398,R,R
13,19,G,G,0.0161149407514,1196,398,R,R
14,22,G,A,0.0313188384151,1565,521,E,E
15,26,A,G,0.130490267931,671,223,R,R
16,27,G,A,0.0305956247485,192,64,G,S
19,41,C,T,0.05645442922,1475,491,A,A
20,42,G,A,0.0222539226897,1184,394,G,G
21,46,A,G,0.030179876465,879,293,N,D
22,49,A,G,0.0112837999331,761,253,K,K
23,50,A,C,0.0289561561164,761,253,K,N
24,50,C,C,0.0138408633193,728,242,P,P
25,54,G,G,0.0160937198493,670,223,K,R
26,55,C,T,0.0656850955631,410,136,N,N
27,64,G,A,0.339743572943,1268,422,Q,Q
28,66,A,T,0.010084099902,1228,409,Q,L
29,66,C,T,0.347077642541,1559,519,G,G
30,67,C,T,0.0607929898355,1457,485,Y,Y
32,76,T,A,0.0930529331127,1502,500,T,T
33,78,A,C,0.0161956728659,1539,513,N,H
34,85,G,A,0.012413596572,204,68,D,N
35,88,C,T,0.0136347783516,864,288,P,S
37,89,T,G,0.0104133440225,869,289,I,M
36,89,G,A,0.0277893185793,1335,445,A,T
0,103,C,A,0.0564805692488,1120,373,S,Y
