,Id,ref,var,freq.var,pos,aa_pos,aa_consensus,aa_var,PDB_4HMG,PDB_4JTV
0,3,A,T,0.0205000223632,1114,371,Q,L,Q27 in HA2 ,Q27 of HA2 
1,3,G,G,0.0149596923344,670,223,K,R,R208 in HA1 ,R211 of HA1 
2,6,C,A,0.039656711127,284,94,F,L,F79 in HA1 ,L76 of HA1 
3,10,A,G,0.0344260677667,687,229,I,V,I214 in HA1 ,K217 of HA1 
5,10,G,A,0.0194092192897,1014,338,V,I,V323 in HA1 ,I327 of HA1 
7,12,G,T,0.0174800438584,1047,349,A,S,A5 in HA2 ,A5 of HA2 
9,14,G,A,0.0788419097401,853,284,R,K,R269 in HA1 ,I273 of HA1 
8,14,A,G,0.281240481683,1613,537,I,M,an alignment gap ,an alignment gap 
13,17,A,A,0.416310385998,1613,537,M,I,an alignment gap ,an alignment gap 
18,27,G,A,0.0305956247485,192,64,G,S,G49 in HA1 ,G45 of HA1 
21,46,A,G,0.030179876465,879,293,N,D,I278 in HA1 ,N282 of HA1 
23,50,A,C,0.0289561561164,761,253,K,N,K238 in HA1 ,E241 of HA1 
25,54,G,G,0.0160937198493,670,223,K,R,R208 in HA1 ,R211 of HA1 
28,66,A,T,0.010084099902,1228,409,Q,L,Q65 in HA2 ,A65 of HA2 
32,78,A,C,0.0161956728659,1539,513,N,H,N169 in HA2 ,an alignment gap 
33,85,G,A,0.012413596572,204,68,D,N,N53 in HA1 ,K49 of HA1 
34,88,C,T,0.0136347783516,864,288,P,S,P273 in HA1 ,P277 of HA1 
35,89,G,A,0.0277893185793,1335,445,A,T,A101 in HA2 ,L101 of HA2 
36,89,T,G,0.0104133440225,869,289,I,M,I274 in HA1 ,V278 of HA1 
37,103,C,A,0.0564805692488,1120,373,S,Y,S29 in HA2 ,E29 of HA2 
