,Id,ref,var,freq.var,pos,aa_pos,aa_consensus,aa_var
4,3,G,G,0.0149689735937,670,223,K,R
18,3,A,T,0.0205194611163,1114,371,Q,L
2,6,C,A,0.0396520952139,284,94,F,L
7,10,A,G,0.0344260677667,687,229,I,V
9,10,C,T,0.0335085285844,731,243,S,S
16,10,G,A,0.0193906932235,1014,338,V,I
17,12,G,T,0.0174581997814,1047,349,A,S
25,12,C,T,0.146025048327,1295,431,T,T
33,14,A,G,0.28130833781,1613,537,I,M
12,14,G,A,0.0788682024442,853,284,R,K
28,15,G,A,0.0123908357896,1406,468,K,K
27,16,G,A,0.0447122188325,1403,467,K,K
23,17,A,G,0.136529010136,1235,411,E,E
34,17,A,A,0.416394377263,1613,537,M,I
20,18,G,G,0.0217717944474,1196,398,R,R
21,19,G,G,0.0161182503718,1196,398,R,R
6,26,A,G,0.130412484376,671,223,R,R
0,27,G,A,0.0305956247485,192,64,G,S
30,41,C,T,0.056432933093,1475,491,A,A
15,46,A,G,0.0301397240615,879,293,N,D
10,49,A,G,0.0113166802487,761,253,K,K
11,50,A,C,0.0289212242596,761,253,K,N
8,50,C,C,0.0138410135795,728,242,P,P
5,54,G,G,0.0160811806644,670,223,K,R
3,55,C,T,0.0657278077495,410,136,N,N
24,64,G,A,0.339743572943,1268,422,Q,Q
22,66,A,T,0.0100809084529,1228,409,Q,L
32,66,C,T,0.347167248276,1559,519,G,G
29,67,C,T,0.0608340267755,1457,485,Y,Y
31,76,T,A,0.0931051452458,1502,500,T,T
1,85,G,A,0.0124728376238,204,68,D,N
13,88,C,T,0.0136347783516,864,288,P,S
26,89,G,A,0.0277893185793,1335,445,A,T
14,89,T,G,0.0104017691446,869,289,I,M
19,103,C,A,0.0565036303547,1120,373,S,Y
