,Id,ref,var,freq.var,pos,aa_pos,aa_consensus,aa_var
18,3,G,G,0.0149689735937,670,223,K,R
17,3,A,T,0.0205194611163,1114,371,Q,L
31,6,C,A,0.0396520952139,284,94,F,L
2,10,C,T,0.0335085285844,731,243,S,S
3,10,G,A,0.0193906932235,1014,338,V,I
1,10,A,G,0.0344260677667,687,229,I,V
4,12,C,T,0.146025048327,1295,431,T,T
5,12,G,T,0.0174581997814,1047,349,A,S
6,14,A,G,0.28130833781,1613,537,I,M
7,14,G,A,0.0788682024442,853,284,R,K
8,15,G,A,0.0123908357896,1406,468,K,K
9,16,G,A,0.0447122188325,1403,467,K,K
10,17,A,G,0.136529010136,1235,411,E,E
11,17,A,A,0.416394377263,1613,537,M,I
12,18,G,G,0.0217717944474,1196,398,R,R
13,19,G,G,0.0161182503718,1196,398,R,R
14,22,G,A,0.0314346116633,1565,521,E,E
15,26,A,G,0.130412484376,671,223,R,R
16,27,G,A,0.0305956247485,192,64,G,S
19,41,C,T,0.056432933093,1475,491,A,A
20,42,G,A,0.0222175894411,1184,394,G,G
21,46,A,G,0.0301397240615,879,293,N,D
22,49,A,G,0.0113166802487,761,253,K,K
23,50,A,C,0.0289212242596,761,253,K,N
24,50,C,C,0.0138410135795,728,242,P,P
25,54,G,G,0.0160811806644,670,223,K,R
26,55,C,T,0.0657278077495,410,136,N,N
27,64,G,A,0.339743572943,1268,422,Q,Q
28,66,A,T,0.0100809084529,1228,409,Q,L
29,66,C,T,0.347167248276,1559,519,G,G
30,67,C,T,0.0608340267755,1457,485,Y,Y
32,76,T,A,0.0931051452458,1502,500,T,T
33,78,A,C,0.0162279449741,1539,513,N,H
34,85,G,A,0.0124728376238,204,68,D,N
35,88,C,T,0.0136347783516,864,288,P,S
37,89,T,G,0.0104017691446,869,289,I,M
36,89,G,A,0.0277893185793,1335,445,A,T
0,103,C,A,0.0565036303547,1120,373,S,Y
